targetValue,inputValue1,inputValue2,inputValue3,inputValue4,inputIdentifier5,inputIdentifier6,inputIdentifier7,inputIdentifier8,inputIdentifier9,inputIdentifier10,ClassLabel 
4.98,0,0,0,0.934,x1,x2,x3,x3,x4,TRUE,Product1
3.24,0,0,0,0.882,x5,x6,x7,x8,x9,TRUE,Product2
4.98,0,0,0,0.934,x5,x2,x7,x8,x9,TRUE,Product2
3.24,0,0,0,0.892,x10,x11,x7,x8,x12,TRUE,Product3
2.7,0,0,0,0.892,x13,x11,x7,x8,x14,TRUE,Product4
2.46,0,0,0,0.892,x15,x11,x7,x8,x16,FALSE,Product5
3.24,0,0,0,0.882,x17,x6,x7,x8,x18,TRUE,Product6
3.24,0,0,0,0.882,x19,x6,x7,x8,x20,TRUE,Product7
4.98,0,0,0,0.934,x21,x2,x7,x8,x22,TRUE,Product8
3.24,0,0,0,0.882,x23,x6,x7,x8,x24,TRUE,Product9
4.98,0,0,0,0.934,x23,x2,x7,x8,x24,TRUE,Product9
3.24,0,0,0,0.892,x25,x11,x7,x8,x26,TRUE,Product10
3.42,0,0,0,0.892,x27,x11,x7,x8,x28,TRUE,Product6
3.24,0,0,0,0.892,x29,x11,x7,x8,x30,TRUE,Product11
2.79,0,0,0,0.898,x31,x32,x7,x8,x33,TRUE,Product12
0.86,0,0,0,1,x31,x34,x7,x8,x33,TRUE,Product12
2.7,0,0,0,0.898,x35,x32,x7,x8,x36,TRUE,Product4
3,0,0,0,0.898,x37,x32,x7,x8,x38,TRUE,Product13
0.86,0,0,0,1,x37,x34,x7,x8,x38,TRUE,Product13
2.7,0,0,0,0.898,x39,x32,x7,x8,x40,FALSE,Product14
2.7,0,0,0,0.898,x41,x32,x7,x8,x42,FALSE,Product15
2.79,0,0,0,0.898,x43,x32,x7,x8,x44,TRUE,Product11
2.7,0,0,0,0.898,x45,x32,x7,x8,x46,TRUE,Product16
2.95,0,0,0,0.898,x47,x32,x7,x8,x48,FALSE,Product17
4.75,0,0,0,0.934,x49,x2,x7,x8,x50,TRUE,Product4
3.24,0,0,0,0.892,x49,x11,x7,x8,x50,TRUE,Product4
4.88,0,0,0,0.892,x51,x52,x7,x8,x53,TRUE,Product16
4.98,0,0,0,0.934,x51,x2,x7,x8,x53,TRUE,Product16
4.1,0,0,0,0.892,x54,x11,x7,x8,x55,TRUE,Product13
4.88,0,0,0,0.892,x54,x52,x7,x8,x55,TRUE,Product13
4.98,0,0,0,0.934,x54,x2,x7,x8,x55,TRUE,Product13
3.24,0,0,0,0.882,x56,x6,x7,x8,x57,TRUE,Product18
4.98,0,0,0,0.934,x56,x2,x7,x8,x57,TRUE,Product18
4.48,0,0,0,0.892,x58,x52,x7,x8,x59,TRUE,Product19
3.8,0,0,0,0.892,x60,x11,x7,x8,x61,TRUE,Product20
3.24,0,0,0,0.882,x60,x6,x7,x8,x61,TRUE,Product20
4.98,0,0,0,0.934,x60,x2,x7,x8,x61,TRUE,Product20
3.24,0,0,0,0.882,x62,x6,x7,x8,x63,TRUE,Product21
3.46,0,0,0,0.892,x64,x11,x7,x8,x65,TRUE,Product22
4.48,0,0,0,0.892,x64,x52,x7,x8,x65,TRUE,Product22
2.76,0,0,0,0.898,x66,x32,x7,x8,x67,TRUE,Product23
2.76,0,0,0,0.898,x68,x32,x7,x8,x69,FALSE,Product24
2.7,0,0,0,0.898,x70,x32,x3,x3,x71,FALSE,Product25
1.8,0,0,0,0.898,x72,x32,x3,x3,x73,TRUE,Product26
2.7,0,0,0,0.898,x74,x32,x3,x3,x75,FALSE,Product27
4,0,0,0,0.892,x76,x11,x3,x3,x77,TRUE,Product28
4,0,0,0,0.892,x78,x11,x3,x3,x79,TRUE,Product29
4,0,0,0,0.892,x80,x11,x3,x3,x81,TRUE,Product30
3.46,0,0,0,0.892,x82,x11,x3,x3,x83,TRUE,Product31
3.95,0,0,0,0.892,x84,x52,x3,x3,x85,TRUE,Product32
3.46,0,0,0,0.892,x86,x11,x3,x3,x87,TRUE,Product33
3.42,0,0,0,0.892,x88,x11,x7,x8,x89,FALSE,Product13
2.46,0,0,0,0.892,x90,x11,x7,x8,x91,FALSE,Product34
2.46,0,0,0,0.892,x92,x11,x7,x8,x93,FALSE,Product35
2.46,0,0,0,0.892,x94,x11,x7,x8,x95,FALSE,Product36
4.98,0,0,0,0.934,x96,x2,x3,x3,x97,TRUE,Product37
4.98,0,0,0,0.934,x98,x2,x3,x3,x99,TRUE,Product38
4.1,0,0,0,0.892,x100,x11,x7,x8,x101,TRUE,Product10
4.88,0,0,0,0.892,x100,x52,x7,x8,x101,TRUE,Product10
4.98,0,0,0,0.934,x100,x2,x7,x8,x101,TRUE,Product10
4.1,0,0,0,0.892,x102,x11,x7,x8,x103,TRUE,Product3
4.88,0,0,0,0.892,x102,x52,x7,x8,x103,TRUE,Product3
4.1,0,0,0,0.892,x104,x11,x7,x8,x105,TRUE,Product25
4.88,0,0,0,0.892,x104,x52,x7,x8,x105,TRUE,Product25
2.7,0,0,0,0.898,x106,x32,x3,x3,x107,FALSE,Product32
2.7,0,0,0,0.898,x108,x32,x7,x8,x109,TRUE,Product39
2.7,0,0,0,0.898,x110,x32,x7,x8,x111,FALSE,Product40
2.7,0,0,0,0.898,x112,x32,x7,x8,x113,TRUE,Product41
2.76,0,0,0,0.898,x114,x32,x7,x8,x115,FALSE,Product42
2.76,0,0,0,0.898,x116,x32,x7,x8,x117,FALSE,Product43
1.8,0,0,0,0.898,x118,x32,x3,x3,x119,TRUE,Product44
4,0,0,0,0.892,x120,x11,x7,x8,x121,TRUE,Product45
4.98,0,0,0,0.934,x122,x2,x7,x8,x123,TRUE,Product46
3.24,0,0,0,0.882,x122,x6,x7,x8,x123,TRUE,Product46
4.1,0,0,0,0.892,x124,x11,x7,x8,x125,FALSE,Product47
4.88,0,0,0,0.892,x124,x52,x7,x8,x125,FALSE,Product47
4.1,0,0,0,0.892,x126,x11,x7,x8,x127,TRUE,Product48
4.88,0,0,0,0.892,x126,x52,x7,x8,x127,TRUE,Product48
3.24,0,0,0,0.882,x128,x6,x7,x8,x129,TRUE,Product49
3.42,0,0,0,0.892,x130,x11,x7,x8,x131,TRUE,Product20
3.24,0,0,0,0.892,x132,x11,x7,x8,x133,TRUE,Product50
2.7,0,0,0,0.898,x134,x32,x7,x8,x135,TRUE,Product51
2.7,0,0,0,0.898,x136,x32,x7,x8,x137,TRUE,Product3
2.7,0,0,0,0.898,x138,x32,x7,x8,x139,TRUE,Product52
2.79,0,0,0,0.898,x140,x32,x7,x8,x141,TRUE,Product10
3.46,0,0,0,0.892,x142,x11,x7,x8,x143,TRUE,Product53
2.7,0,0,0,0.898,x144,x32,x3,x3,x145,TRUE,Product54
3.24,0,0,0,0.892,x146,x11,x7,x8,x147,TRUE,Product55
2.7,0,0,0,0.898,x148,x32,x3,x3,x149,TRUE,Product56
2.7,0,0,0,0.898,x150,x32,x7,x8,x151,FALSE,Product57
4.1,0,0,0,0.892,x152,x11,x7,x8,x153,TRUE,Product58
4.88,0,0,0,0.892,x152,x52,x7,x8,x153,TRUE,Product58
3.24,0,0,0,0.882,x154,x6,x7,x8,x155,TRUE,Product59
4.98,0,0,0,0.934,x154,x2,x7,x8,x155,TRUE,Product59
3.24,0,0,0,0.882,x156,x6,x7,x8,x157,TRUE,Product60
4.98,0,0,0,0.934,x156,x2,x7,x8,x157,TRUE,Product60
2.7,0,0,0,0.898,x158,x32,x7,x8,x159,TRUE,Product61
2.7,0,0,0,0.898,x160,x32,x7,x8,x161,TRUE,Product62
2.76,0,0,0,0.898,x162,x32,x7,x8,x163,TRUE,Product3
2.76,0,0,0,0.898,x164,x32,x7,x8,x165,FALSE,Product63
2.76,0,0,0,0.898,x166,x32,x7,x8,x167,TRUE,Product64
3.24,0,0,0,0.882,x168,x6,x7,x8,x169,TRUE,Product65
4.1,0,0,0,0.892,x170,x11,x7,x8,x171,TRUE,Product27
3.24,0,0,0,0.882,x172,x6,x7,x8,x173,TRUE,Product66
4.1,0,0,0,0.892,x174,x11,x7,x8,x175,TRUE,Product55
4.88,0,0,0,0.892,x174,x52,x7,x8,x175,TRUE,Product55
3.46,0,0,0,0.892,x176,x11,x7,x8,x177,TRUE,Product67
3.46,0,0,0,0.892,x178,x11,x7,x8,x179,TRUE,Product68
4.1,0,0,0,0.892,x180,x11,x7,x8,x181,TRUE,Product69
4.88,0,0,0,0.892,x180,x52,x7,x8,x181,TRUE,Product69
4.1,0,0,0,0.892,x182,x11,x7,x8,x183,TRUE,Product70
4.88,0,0,0,0.892,x182,x52,x7,x8,x183,TRUE,Product70
4.98,0,0,0,0.934,x184,x2,x7,x8,x185,TRUE,Product71
2.52,0,0,0,0.898,x186,x32,x7,x8,x187,TRUE,Product72
2.7,0,0,0,0.898,x188,x32,x7,x8,x189,FALSE,Product73
2.7,0,0,0,0.898,x190,x32,x7,x8,x191,FALSE,Product48
2.7,0,0,0,0.898,x192,x32,x7,x8,x193,FALSE,Product74
2.95,0,0,0,0.898,x194,x32,x7,x8,x195,TRUE,Product55
2.95,0,0,0,0.898,x196,x32,x7,x8,x197,TRUE,Product75
2.76,0,0,0,0.898,x198,x32,x7,x8,x199,FALSE,Product76
2.76,0,0,0,0.898,x200,x32,x7,x8,x201,TRUE,Product22
2.76,0,0,0,0.898,x202,x32,x7,x8,x203,FALSE,Product77
2.76,0,0,0,0.898,x204,x32,x7,x8,x205,FALSE,Product78
2.76,0,0,0,0.898,x206,x32,x7,x8,x207,TRUE,Product79
2.76,0,0,0,0.898,x208,x32,x7,x8,x209,TRUE,Product80
0.88,0,0,0,0.855,x210,x211,x7,x8,x212,TRUE,Product81
1.8,0,0,0,0.898,x213,x32,x3,x3,x214,TRUE,Product82
4.88,0,0,0,0.892,x215,x52,x3,x3,x216,TRUE,Product83
2.7,0,0,0,0.898,x217,x32,x3,x3,x218,FALSE,Product84
4.88,0,0,0,0.892,x219,x52,x3,x3,x220,TRUE,Product75
4.1,0,0,0,0.892,x219,x11,x3,x3,x220,TRUE,Product75
2.7,0,0,0,0.898,x221,x32,x3,x3,x222,TRUE,Product75
4.88,0,0,0,0.892,x223,x52,x3,x3,x224,TRUE,Product58
3.1,0,0,0,0.892,x225,x11,x3,x3,x226,TRUE,Product85
2.7,0,0,0,0.898,x227,x32,x3,x3,x228,FALSE,Product86
2.7,0,0,0,0.892,x229,x11,x3,x3,x230,TRUE,Product87
3.24,0,0,0,0.892,x231,x11,x7,x8,x232,FALSE,Product88
2.46,0,0,0,0.892,x233,x11,x7,x8,x234,FALSE,Product89
2.46,0,0,0,0.892,x235,x11,x7,x8,x236,FALSE,Product90
3.46,0,0,0,0.892,x237,x11,x3,x3,x238,TRUE,Product91
2.7,0,0,0,0.898,x239,x32,x3,x3,x240,TRUE,Product58
2.7,0,0,0,0.898,x241,x32,x3,x3,x242,TRUE,Product92
4.88,0,0,0,0.892,x243,x52,x3,x3,x244,TRUE,Product93
4.1,0,0,0,0.892,x245,x11,x3,x3,x246,TRUE,Product94
4.88,0,0,0.9,0.892,x247,x52,x7,x8,x248,TRUE,Product51
2.7,0,0,0,0.898,x249,x32,x3,x3,x250,FALSE,Product37
2.7,0,0,0,0.898,x251,x32,x7,x8,x252,TRUE,Product55
4.1,0,0,0,0.892,x253,x11,x7,x8,x254,FALSE,Product95
4.88,0,0,0,0.892,x253,x52,x7,x8,x254,FALSE,Product95
4.1,0,0,0,0.892,x255,x11,x7,x8,x256,FALSE,Product96
2.7,0,0,0,0.898,x257,x32,x3,x3,x258,TRUE,Product94
